id_speaker,period,speaker,fidesz,gender
1c,2002-2006,Dr. Varga László,1,0
2c,2002-2006,Zuschlag János László,0,0
3c,2002-2006,Szijjártó Péter,1,0
4c,2002-2006,Dr. Szili Katalin,0,1
5c,2002-2006,Szitka Péter,0,0
6c,2002-2006,Dr. Orbán Viktor,1,0
7c,2002-2006,Dr. Medgyessy Péter,0,0
8c,2002-2006,Keller László,0,0
9c,2002-2006,Dr. Hiller István,0,0
10c,2002-2006,Varga Mihály,1,0
11c,2002-2006,Kékkői Zoltán József,1,0
12c,2002-2006,Dr. Szanyi Tibor,0,0
13c,2002-2006,Dr. Czinege Imre,0,0
14c,2002-2006,Lenártek András,1,0
15c,2002-2006,Dr. Vojnik Mária,0,1
16c,2002-2006,Szabó Lajos,0,0
17c,2002-2006,Búsi Lajos,1,0
18c,2002-2006,Dr. Mester László,0,0
19c,2002-2006,Dr. Fónagy János,1,0
20c,2002-2006,Karakas János,0,0
21c,2002-2006,Dr. Pap János,1,0
22c,2002-2006,Glattfelder Béla,1,0
23c,2002-2006,Pásztohy András,0,0
24c,2002-2006,Dr. Kerényi János,1,0
25c,2002-2006,Dr. Papcsák Ferenc,1,0
26c,2002-2006,Burány Sándor,0,0
27c,2002-2006,Dr. Veres János,0,0
28c,2002-2006,Szalai Annamária,1,1
29c,2002-2006,Tóth Ferenc,1,0
30c,2002-2006,Kósáné Dr. Kovács Magda,0,1
31c,2002-2006,Dr. Hargitai János,1,0
32c,2002-2006,Arnóth Sándor,1,0
33c,2002-2006,Dr. Gógl Árpád,1,0
34c,2002-2006,Dr. Avarkeszi Dezső,0,0
35c,2002-2006,Dr. Gyimesi József,1,0
36c,2002-2006,Tóth Sándor,0,0
37c,2002-2006,Ivanics István,1,0
38c,2002-2006,Dr. Schvarcz Tibor,0,0
39c,2002-2006,Dr. Szabó Zoltán,0,0
40c,2002-2006,Halász János,1,0
41c,2002-2006,Borkó Károly,1,0
42c,2002-2006,Simon Gábor,0,0
43c,2002-2006,Lendvai Ildikó,0,1
44c,2002-2006,Tatai-Tóth András,0,0
45c,2002-2006,Korózs Lajos,0,0
46c,2002-2006,Imre Zsolt,1,0
47c,2002-2006,Ecsődi László,0,0
48c,2002-2006,Kovács Tibor,0,0
49c,2002-2006,Dr. Katona Béla,0,0
50c,2002-2006,Harrach Péter,1,0
51c,2002-2006,Rogán Antal,1,0
52c,2002-2006,Tállai András,1,0
53c,2002-2006,Dr. Magda Sándor,0,0
54c,2002-2006,Papp József,0,0
55c,2002-2006,Dr. Kovács Zoltán,1,0
56c,2002-2006,Dr. Simicskó István,1,0
57c,2002-2006,Iváncsik Imre,0,0
58c,2002-2006,Mádi László,1,0
59c,2002-2006,Dr. Juhászné Lévai Katalin,0,1
60c,2002-2006,Dr. Baráth Etele,0,0
61c,2002-2006,Körömi Attila,1,0
62c,2002-2006,Halmai Gáborné,0,1
63c,2002-2006,Babák Mihály,1,0
64c,2002-2006,Dr. Németh Imre,0,0
65c,2002-2006,Vincze László,1,0
66c,2002-2006,Lengyel János,1,0
67c,2002-2006,Tóth István,1,0
68c,2002-2006,Dr. Lamperth Mónika,0,1
69c,2002-2006,Gőgös Zoltán,0,0
70c,2002-2006,Gráf József,0,0
71c,2002-2006,Hadházy Sándor,1,0
72c,2002-2006,Dr. Áder János,1,0
73c,2002-2006,Kárpáti Zsuzsa,0,1
74c,2002-2006,Balla Mihály,1,0
75c,2002-2006,Dr. Sümeghy Csaba,1,0
76c,2002-2006,Dr. Gruber Attila,1,0
77c,2002-2006,Molnár Albert,0,0
78c,2002-2006,Dr. Kékesi Tibor,0,0
79c,2002-2006,Dr. Répássy Róbert,1,0
80c,2002-2006,Gúr Nándor,0,0
81c,2002-2006,Dr. Turi-Kovács Béla,1,0
82c,2002-2006,Göndör István,0,0
83c,2002-2006,Tóth Gábor,1,0
84c,2002-2006,Herczog Edit,0,1
85c,2002-2006,Dr. Surján László,1,0
86c,2002-2006,Pokorni Zoltán,1,0
87c,2002-2006,Szabó György,0,0
88c,2002-2006,Dr. Toller László,0,0
89c,2002-2006,Dr. Kontrát Károly,1,0
90c,2002-2006,Dr. Kökény Mihály,0,0
91c,2002-2006,Gyürk András,1,0
92c,2002-2006,Varga László,0,0
93c,2002-2006,Dr. Mátrai Márta Mária,1,1
94c,2002-2006,Dr. Géczi József Alajos,0,0
95c,2002-2006,Balsay István,1,0
96c,2002-2006,Dr. Szabó Erika,1,1
97c,2002-2006,Dr. Bartha László,1,0
98c,2002-2006,Csabai Lászlóné,0,1
99c,2002-2006,Dr. Vadai Ágnes,0,1
100c,2002-2006,Homa János,1,0
101c,2002-2006,Dr. Pósán László,1,0
102c,2002-2006,Erdős Norbert,1,0
103c,2002-2006,Fehérvári Tamás,1,0
104c,2002-2006,Dr. Frajna Imre,1,0
105c,2002-2006,Soltész Miklós,1,0
106c,2002-2006,Jauernik István,0,0
107c,2002-2006,Farkas Imre,0,0
108c,2002-2006,Lengyel Zoltán,1,0
109c,2002-2006,Pánczél Károly,1,0
110c,2002-2006,Kiss Attila,1,0
111c,2002-2006,Vígh Ilona,1,1
112c,2002-2006,Birkás Tivadar,1,0
113c,2002-2006,Pálfi István,1,0
114c,2002-2006,Dr. Fenyvesi Máté,1,0
115c,2002-2006,Balogh József,1,0
116c,2002-2006,Nógrádi Zoltán,1,0
117c,2002-2006,Dr. Selmeczi Gabriella,1,1
118c,2002-2006,Gy. Németh Erzsébet,0,1
119c,2002-2006,Molnár Oszkár,1,0
120c,2002-2006,Szabados Tamás,0,0
121c,2002-2006,Devánszkiné Dr.Molnár Katalin,0,1
122c,2002-2006,Domokos László,1,0
123c,2002-2006,Bernáth Ildikó,1,1
124c,2002-2006,Dr. Mikes Éva,1,1
125c,2002-2006,Dr. Józsa István,0,0
126c,2002-2006,Dr. Martonosi György,1,0
127c,2002-2006,Farkas Flórián,1,0
128c,2002-2006,Dr. Tabajdi Csaba,0,0
129c,2002-2006,Becsó Zsolt,1,0
130c,2002-2006,Dr. Füle István,0,0
131c,2002-2006,Boldvai László,0,0
132c,2002-2006,Dr. Kékes Ferenc,0,0
133c,2002-2006,Dr. Balogh László,0,0
134c,2002-2006,Dr. Dorkota Lajos,1,0
135c,2002-2006,Nyitrai Zsolt,1,0
136c,2002-2006,Arató Gergely,0,0
137c,2002-2006,Hegyi Gyula,0,0
138c,2002-2006,Dr. Wiener György,0,0
139c,2002-2006,Czerván György,1,0
140c,2002-2006,Szűcs Lajos,1,0
141c,2002-2006,Manninger Jenő,1,0
142c,2002-2006,Dr. Őry Csaba,1,0
143c,2002-2006,Keleti György,0,0
144c,2002-2006,Lasztovicza Jenő,1,0
145c,2002-2006,Bánki Erik,1,0
146c,2002-2006,Dr. Szakács Imre,1,0
147c,2002-2006,Dr. Karsai József,0,0
148c,2002-2006,Kiss Péter,0,0
149c,2002-2006,Pál Tibor,0,0
150c,2002-2006,Dr. Simon Gábor,0,0
151c,2002-2006,Török Zsolt,0,0
152c,2002-2006,Dr. Juhos Katalin,1,1
153c,2002-2006,Kovács László,0,0
154c,2002-2006,Dr. Gedei József,0,0
155c,2002-2006,Dr. Nagy Sándor,0,0
156c,2002-2006,Básthy Tamás,1,0
157c,2002-2006,Németh Zsolt,1,0
158c,2002-2006,Dr. Salamon László,1,0
159c,2002-2006,Bebes István,1,0
160c,2002-2006,Csizmár Gábor,0,0
161c,2002-2006,Dr. Weszelovszky Zoltán,1,0
162c,2002-2006,Járvás István,1,0
163c,2002-2006,Koltai Tamás,1,0
164c,2002-2006,Lázár Mózes,1,0
165c,2002-2006,Filló Pál,0,0
166c,2002-2006,Urbán Árpád,0,0
167c,2002-2006,Dr. Orosz Sándor,0,0
168c,2002-2006,Dr. Szekeres Imre,0,0
169c,2002-2006,Molnár Gyula,0,0
170c,2002-2006,Dr. Horváth János,1,0
171c,2002-2006,Horváth Csaba,0,0
172c,2002-2006,Erdész Zoltán,1,0
173c,2002-2006,Dr. Szabó József Andor,1,0
174c,2002-2006,Demeter Ervin,1,0
175c,2002-2006,Godó Lajos,0,0
176c,2002-2006,Kovács Ferenc,1,0
177c,2002-2006,Kozma Péter,1,0
178c,2002-2006,Dr. Vidoven Árpád,1,0
179c,2002-2006,Szabó István,1,0
180c,2002-2006,Tóth Gyula,0,0
181c,2002-2006,Kósa Lajos,1,0
182c,2002-2006,Juhász Gábor,0,0
183c,2002-2006,Páva Zoltán,0,0
184c,2002-2006,Rózsa Endre,0,0
185c,2002-2006,Dr. Ódor Ferenc,1,0
186c,2002-2006,Dr. Havas Szófia,0,1
187c,2002-2006,Dr. Hörcsik Richard,1,0
188c,2002-2006,Dr. Nagy Gábor Tamás,1,0
189c,2002-2006,Nagy Kálmán,1,0
190c,2002-2006,Dr. Rákos Tibor,1,0
191c,2002-2006,Steinerné Vasvári Éva,1,1
192c,2002-2006,Dr. Csákabonyi Balázs,0,0
193c,2002-2006,Juhász Ferenc,0,0
194c,2002-2006,Dr. Botka László,0,0
195c,2002-2006,Németh Erika,0,1
196c,2002-2006,Stolár Mihály,1,0
197c,2002-2006,Dr. Ujhelyi István,0,0
198c,2002-2006,Dr. Csicsay Claudius Iván,0,0
199c,2002-2006,Nyitray András,1,0
200c,2002-2006,Dr. Bóth János,0,0
201c,2002-2006,Kosztolányi Dénes,1,0
202c,2002-2006,Hajdu László,0,0
203c,2002-2006,Dr. Szentgyörgyvölgyi Péter,1,0
204c,2002-2006,Dr. Czira Szabolcs,1,0
205c,2002-2006,Dr. Illés Zoltán,1,0
206c,2002-2006,Szalay Ferenc,1,0
207c,2002-2006,Ivanics Ferenc,1,0
208c,2002-2006,Végh László,1,0
209c,2002-2006,Dr. Tompa Sándor,0,0
210c,2002-2006,Márton Attila,1,0
211c,2002-2006,Molnár László,0,0
212c,2002-2006,Dr. Latorcai János,1,0
213c,2002-2006,Dr. Dancsó József,1,0
214c,2002-2006,Gulyás László,0,0
215c,2002-2006,Dr. Rubovszky György,1,0
216c,2002-2006,Dr. Gál Zoltán,0,0
217c,2002-2006,Vargáné Kerékgyártó Ildikó,0,0
218c,2002-2006,Dr. Vidorné Dr.Szabó Györgyi,0,1
219c,2002-2006,Dr. Bakonyi Tibor,0,0
220c,2002-2006,Dr. Csehák Judit,0,1
221c,2002-2006,Kocsi László,0,0
222c,2002-2006,Dr. Horváth Zsolt,1,0
223c,2002-2006,Földesi Zoltán,0,0
224c,2002-2006,Dr. Lázár János,1,0
225c,2002-2006,Dr. Vitányi István,1,0
226c,2002-2006,Nagy Nóra,0,1
227c,2002-2006,Dr. Kozma József,0,0
228c,2002-2006,Warvasovszky Tihamér,0,0
229c,2002-2006,Kis Péter,0,0
230c,2002-2006,Dr. Isépy Tamás,1,0
231c,2002-2006,Tóth András,1,0
232c,2002-2006,Dr. Soós Győző,0,0
233c,2002-2006,Tóth Imre,1,0
234c,2002-2006,Dr. Bóka István,1,0
235c,2002-2006,Nógrádi László,1,0
236c,2002-2006,Dr. Vastagh Pál,0,0
237c,2002-2006,Dr. Baja Ferenc,0,0
238c,2002-2006,Teleki László,0,0
239c,2002-2006,Kósa Ferenc,0,0
240c,2002-2006,Dr. Nyul István,0,0
241c,2002-2006,Parragh Dénes,1,0
242c,2002-2006,Botka Lajosné,0,1
243c,2002-2006,Cserna Gábor,1,0
244c,2002-2006,Dr. Tóth István,0,0
245c,2002-2006,Dr. Gurmai Zita,0,1
246c,2002-2006,Vári Gyula,0,0
247c,2002-2006,Gyapay Zoltán,1,0
248c,2002-2006,Cseresnyés Péter,1,0
249c,2002-2006,Potápi Árpád,1,0
250c,2002-2006,Dr. Tittmann János,0,0
251c,2002-2006,Vadász István,0,0
252c,2002-2006,Szabados Ákos,0,0
253c,2002-2006,Podolák György,0,0
254c,2002-2006,Dr. Tiba István,1,0
255c,2002-2006,Sós Tamás,0,0
256c,2002-2006,Dr. Tóth József,0,0
257c,2002-2006,Dr. Dobó László,1,0
258c,2002-2006,Dr. Szájer József,1,0
259c,2002-2006,Varju László,0,0
260c,2002-2006,Herbály Imre,0,0
261c,2002-2006,Hagyó Miklós,0,0
262c,2002-2006,Balla György,1,0
263c,2002-2006,Tóth Károly,0,0
264c,2002-2006,Endre Sándor,1,0
265c,2002-2006,Márfai Péter,0,0
266c,2002-2006,Hárs Gábor,0,0
267c,2002-2006,Dr. Csiha Judit,0,1
268c,2002-2006,Révész Máriusz,1,0
269c,2002-2006,Dr. Dávid Gyula,0,0
270c,2002-2006,Kránitz László,0,0
271c,2002-2006,Nagy Jenő,0,0
272c,2002-2006,Fogarasiné Deák Valéria,0,1
273c,2002-2006,Szabó Gyula,0,0
274c,2002-2006,Sági József,1,0
275c,2002-2006,Dr. Nagy Imre,0,0
276c,2002-2006,Kuzma László,1,0
277c,2002-2006,Várhegyi Attila,1,0
278c,2002-2006,Stipkovits Pál,0,0
279c,2002-2006,Dr. Balogh Miklós,0,0
280c,2002-2006,Zsigó Róbert,1,0
281c,2002-2006,Ágota Gábor,1,0
282c,2002-2006,Pál Béla,0,0
283c,2002-2006,Dr. Gyimesi Endre,1,0
284c,2002-2006,Nyakó István,0,0
285c,2002-2006,Gazda László,0,0
286c,2002-2006,Gazdag János,0,0
287c,2002-2006,Dr. Horváth Klára,0,1
288c,2002-2006,Schmidt Ferenc,1,0
289c,2002-2006,Molnár József,0,0
290c,2002-2006,Pogácsás Tibor,1,0
291c,2002-2006,Tirts Tamás,1,0
292c,2002-2006,Dr. Kovács László,0,0
293c,2002-2006,Láyer József,1,0
294c,2002-2006,Lénárt László,0,0
295c,2002-2006,Dr. Kapolyi László,0,0
296c,2002-2006,Dr. Jánosi György,0,0
297c,2002-2006,Dr. Karakó László,1,0
298c,2002-2006,Szabó József,0,0
299c,2002-2006,Dr. Deutsch Tamás,1,0
300c,2002-2006,Dr. Kolber István,0,0
301c,2002-2006,Dr. Kövér László,1,0
302c,2002-2006,Fetser János,0,0
303c,2002-2006,Csontos János,0,0
304c,2002-2006,Fazakas Szabolcs,0,0
305c,2002-2006,Dr. Bagó Zoltán,1,0
306c,2002-2006,Kocsis Róbert,1,0
307c,2002-2006,Puch László,0,0
308c,2002-2006,Donáth László,0,0
309c,2002-2006,Horváthné Stukics Erzsébet,1,1
310c,2002-2006,Káli Sándor,0,0
311c,2002-2006,Laboda Gábor,0,0
312c,2002-2006,Deák András,1,0
313c,2002-2006,Mesterházy Attila,0,0
314c,2002-2006,Dr. Garai István Levente,0,0
315c,2002-2006,Garamvölgyi György,1,0
316c,2002-2006,Dr. Kálmán András,0,0
317c,2002-2006,Dr. Braun Márton,1,0
318c,2002-2006,Wintermantel Zsolt,1,0
319c,2002-2006,Gyárfás Ildikó,0,1
320c,2002-2006,Dr. Semjén Zsolt,1,0
321c,2002-2006,Csige Tamás,0,0
322c,2002-2006,Dr. Serfőző András,0,0
323c,2002-2006,Gál J. Zoltán,0,0
324c,2002-2006,Dr. Faragó Péter,0,0
325c,2002-2006,Érsek Zsolt,0,0
326c,2002-2006,Dr. Pusztai Gyula,0,0
327c,2002-2006,Farkas Sándor,1,0
328c,2002-2006,Zatykó János,0,0
329c,2002-2006,Dr. Simon Miklós,1,0
330c,2002-2006,Vitányi Iván,0,0
331c,2002-2006,Alföldi Albert,0,0
332c,2002-2006,Németh Szilárd István,1,0
333c,2002-2006,Puszta Béla,0,0
334c,2002-2006,Fedor Vilmos,0,0
335c,2002-2006,Szűcs Erika,0,0
336c,2002-2006,Móring József Attila,1,0
337c,2002-2006,Kapás Zsolt,0,0
338c,2002-2006,Élő Norbert,0,0
339c,2002-2006,Szabó Vilmos,0,0
340c,2002-2006,Rácz Róbert,1,0
341c,2002-2006,Horn Gyula,0,0
342c,2002-2006,Bán Imre,0,0
343c,2002-2006,Koncz Ferenc,1,0
344c,2002-2006,Tasó László,1,0
345c,2002-2006,Dr. Hende Csaba,1,0
346c,2002-2006,Szabó Imre,0,0
347c,2002-2006,Dr. Nagy Andor,1,0
348c,2002-2006,Pichler Imre László,1,0
349c,2002-2006,Szita Károly,1,0
350c,2002-2006,Font Sándor,1,0
351c,2002-2006,Dr. Balsai István,1,0
352c,2002-2006,Szászfalvi László,1,0
353c,2002-2006,Dr. Steiner Pál,0,0
354c,2002-2006,Fülöp István,1,0
355c,2002-2006,Firtl Mátyás,1,0
356c,2002-2006,Dr. Kelemen András,1,0
357c,2002-2006,Dr. Ipkovich György,0,0
358c,2002-2006,Varga József,1,0
359c,2002-2006,Tóbiás József,0,0
360c,2002-2006,Rockenbauer Zoltán,1,0
361c,2002-2006,Horváth László,1,0
362c,2006-2010,Dr. Balsai István,1,0
363c,2006-2010,Dr. Lamperth Mónika,0,1
364c,2006-2010,Dr. Szili Katalin,0,1
365c,2006-2010,Podolák György,0,0
366c,2006-2010,Gyurcsány Ferenc,0,0
367c,2006-2010,Dr. Hajdu Attila,0,0
368c,2006-2010,Göndör István,0,0
369c,2006-2010,Nyitrai Zsolt,1,0
370c,2006-2010,Varga Mihály,1,0
371c,2006-2010,Kovács Tibor,0,0
372c,2006-2010,Domokos László,1,0
373c,2006-2010,Dr. Wiener György,0,0
374c,2006-2010,Dr. Szabó Éva,0,1
375c,2006-2010,Ecsődi László,0,0
376c,2006-2010,Filló Pál,0,0
377c,2006-2010,Sós Tamás,0,0
378c,2006-2010,Mohácsi József,0,0
379c,2006-2010,Dr. Szabó Zoltán,0,0
380c,2006-2010,Molnár László,0,0
381c,2006-2010,Szabados József,0,0
382c,2006-2010,Bánki Erik,1,0
383c,2006-2010,Tasó László,1,0
384c,2006-2010,Dr. Varga László,0,0
385c,2006-2010,Halmai Gáborné,0,1
386c,2006-2010,Török Zsolt,0,0
387c,2006-2010,Varju László,0,0
388c,2006-2010,Ékes József,1,0
389c,2006-2010,Tóth Károly,0,0
390c,2006-2010,Dr. Ujhelyi István,0,0
391c,2006-2010,Barabásné Czövek Ágnes,0,1
392c,2006-2010,Dr. Tóth József,0,0
393c,2006-2010,Tasnádi Péter,0,0
394c,2006-2010,Koszorús László,1,0
395c,2006-2010,Arató Gergely,0,0
396c,2006-2010,Dr. Veres János,0,0
397c,2006-2010,Szabó Lajos,0,0
398c,2006-2010,Lendvai Ildikó,0,1
399c,2006-2010,Dr. Kékesi Tibor,0,0
400c,2006-2010,Gőgös Zoltán,0,0
401c,2006-2010,Nógrádi Zoltán,1,0
402c,2006-2010,Dr. Kontrát Károly,1,0
403c,2006-2010,Fetser János,0,0
404c,2006-2010,Dr. Vojnik Mária,0,1
405c,2006-2010,Dr. Gyimesi Endre,1,0
406c,2006-2010,Demendi László,0,0
407c,2006-2010,Balla Mihály,1,0
408c,2006-2010,Molnár Albert,0,0
409c,2006-2010,Tellér Gyula,1,0
410c,2006-2010,Kontur Pál,1,0
411c,2006-2010,Winkfein Csaba,0,0
412c,2006-2010,Dr. Gruber Attila,1,0
413c,2006-2010,Mesterházy Attila,0,0
414c,2006-2010,Tóth Gyula,0,0
415c,2006-2010,Hadházy Sándor,1,0
416c,2006-2010,Balogh József,0,0
417c,2006-2010,Dr. Mátrai Márta Mária,1,1
418c,2006-2010,Szabó György,0,0
419c,2006-2010,Varga József,1,0
420c,2006-2010,Bernáth Ildikó,1,1
421c,2006-2010,Halász János,1,0
422c,2006-2010,Tóth József,0,0
423c,2006-2010,Hirt Ferenc,1,0
424c,2006-2010,Szűcs Erika,0,0
425c,2006-2010,Farkas Flórián,1,0
426c,2006-2010,Dr. Vidorné Dr.Szabó Györgyi,0,1
427c,2006-2010,Godó Lajos,0,0
428c,2006-2010,Dr. Orosz Sándor,0,0
429c,2006-2010,Vígh Ilona,1,1
430c,2006-2010,Nagy László,0,0
431c,2006-2010,Révész Máriusz,1,0
432c,2006-2010,Tatai-Tóth András,0,0
433c,2006-2010,Földesi Zoltán,0,0
434c,2006-2010,Dr. Kupper András,1,0
435c,2006-2010,Babák Mihály,1,0
436c,2006-2010,Dr. Bárándy Gergely,0,0
437c,2006-2010,Ékes Ilona,1,0
438c,2006-2010,Dr. Kozma József,0,0
439c,2006-2010,Gazda László,0,0
440c,2006-2010,Kiss Attila,1,0
441c,2006-2010,Bókay Endre,0,0
442c,2006-2010,Bíró Ildikó,1,1
443c,2006-2010,Laboda Gábor,0,0
444c,2006-2010,Borsos József,1,0
445c,2006-2010,Pokorni Zoltán,1,0
446c,2006-2010,Botka Lajosné,0,1
447c,2006-2010,Dr. Szanyi Tibor,0,0
448c,2006-2010,Alexa György,0,0
449c,2006-2010,Dr. Pálinkás József,1,0
450c,2006-2010,Koscsó Lajos,0,0
451c,2006-2010,Dr. Balogh László,0,0
452c,2006-2010,László Tamás,1,0
453c,2006-2010,Dr. Gál Zoltán,0,0
454c,2006-2010,Dr. Turi-Kovács Béla,1,0
455c,2006-2010,Zsigó Róbert,1,0
456c,2006-2010,Dr. Kökény Mihály,0,0
457c,2006-2010,Dr. Mikola István,1,0
458c,2006-2010,Dr. Kovács Zoltán,1,0
459c,2006-2010,Fogarasiné Deák Valéria,0,1
460c,2006-2010,Dr. Tilki Attila,1,0
461c,2006-2010,Keleti György,0,0
462c,2006-2010,Dr. Havas Szófia,0,1
463c,2006-2010,Dr. Józsa István,0,0
464c,2006-2010,Dr. Gógl Árpád,1,0
465c,2006-2010,Font Sándor,1,0
466c,2006-2010,Tukacs István,0,0
467c,2006-2010,Fehérvári Tamás,1,0
468c,2006-2010,Nyitray András,1,0
469c,2006-2010,Jauernik István,0,0
470c,2006-2010,Szalay Ferenc,1,0
471c,2006-2010,Dr. Oláh Lajos,0,0
472c,2006-2010,Vigh László,1,0
473c,2006-2010,Dr. Szakács László,0,0
474c,2006-2010,Korózs Lajos,0,0
475c,2006-2010,Deák Istvánné,0,1
476c,2006-2010,Kiss Ferenc,0,0
477c,2006-2010,Dr. Tompa Sándor,0,0
478c,2006-2010,Szirbik Imre,0,0
479c,2006-2010,Bányai Gábor,1,0
480c,2006-2010,Dr. Bóka István,1,0
481c,2006-2010,Schwartz Béla,0,0
482c,2006-2010,Rózsa Endre,0,0
483c,2006-2010,V. Németh Zsolt,1,0
484c,2006-2010,Szabó Gyula,0,0
485c,2006-2010,Bedő Tamás,0,0
486c,2006-2010,Dr. Csákabonyi Balázs,0,0
487c,2006-2010,Simon Gábor,0,0
488c,2006-2010,Keller László,0,0
489c,2006-2010,Gúr Nándor,0,0
490c,2006-2010,Bebes István,1,0
491c,2006-2010,Dr. Buzás Péter,0,0
492c,2006-2010,Csampa Zsolt,1,0
493c,2006-2010,Dr. Vadai Ágnes,0,1
494c,2006-2010,Ágh Péter,1,0
495c,2006-2010,Csizmár Gábor,0,0
496c,2006-2010,Rónavölgyi Endréné,0,1
497c,2006-2010,Czomba Sándor,1,0
498c,2006-2010,Dr. Baja Ferenc,0,0
499c,2006-2010,Farkas Sándor,1,0
500c,2006-2010,Dr. Hörcsik Richard,1,0
501c,2006-2010,Dr. Ángyán József,1,0
502c,2006-2010,Jakab István,1,0
503c,2006-2010,Dr. Dancsó József,1,0
504c,2006-2010,Katanics Sándor,0,0
505c,2006-2010,Kékkői Zoltán József,1,0
506c,2006-2010,Szatmáry Kristóf,1,0
507c,2006-2010,Dr. Hende Csaba,1,0
508c,2006-2010,Tállai András,1,0
509c,2006-2010,Császár Antal,1,0
510c,2006-2010,Dr. Fónagy János,1,0
511c,2006-2010,Dr. Hiller István,0,0
512c,2006-2010,Juhász Gábor,0,0
513c,2006-2010,Dr. Ipkovich György,0,0
514c,2006-2010,Dr. Spiák Ibolya,1,1
515c,2006-2010,Dr. Heintz Tamás,1,0
516c,2006-2010,Dr. Schvarcz Tibor,0,0
517c,2006-2010,Cseresnyés Péter,1,0
518c,2006-2010,Tóbiás József,0,0
519c,2006-2010,Dr. Aszódi Pál,1,0
520c,2006-2010,Dr. Iván László,1,0
521c,2006-2010,Frankné dr. Kovács Szilvia,0,1
522c,2006-2010,Mécs Imre,0,0
523c,2006-2010,Végh Tibor,0,0
524c,2006-2010,Horváth Csaba,0,0
525c,2006-2010,Szabados Ákos,0,0
526c,2006-2010,Potápi Árpád,1,0
527c,2006-2010,Dr. Pesti Imre,1,0
528c,2006-2010,Pánczél Károly,1,0
529c,2006-2010,Fülöp István,1,0
530c,2006-2010,Kovács Ferenc,1,0
531c,2006-2010,Dr. Legény Zsolt,0,0
532c,2006-2010,Dr. Szekeres Imre,0,0
533c,2006-2010,Dr. Horváth János,1,0
534c,2006-2010,Dr. Cser-Palkovics András,1,0
535c,2006-2010,Dr. Jánosi György,0,0
536c,2006-2010,Kránitz László,0,0
537c,2006-2010,Wittner Mária,1,1
538c,2006-2010,Dr. Lázár János,1,0
539c,2006-2010,Pelczné Dr. Gáll Ildikó,1,1
540c,2006-2010,Balog Zoltán,1,0
541c,2006-2010,Szántó János,0,0
542c,2006-2010,Márton Attila,1,0
543c,2006-2010,Dr. Csiha Judit,0,1
544c,2006-2010,Dr. Simon Gábor,0,0
545c,2006-2010,Dr. Nyul István,0,0
546c,2006-2010,Dr. Géczi József Alajos,0,0
547c,2006-2010,Puch László,0,0
548c,2006-2010,Dr. Répássy Róbert,1,0
549c,2006-2010,Dr. Szép Béla,0,0
550c,2006-2010,Nagy Jenő,0,0
551c,2006-2010,Dr. Gedei József,0,0
552c,2006-2010,Dr. Horváth Zsolt,1,0
553c,2006-2010,Dr. Nagy Gábor Tamás,1,0
554c,2006-2010,Balla György,1,0
555c,2006-2010,Herbály Imre,0,0
556c,2006-2010,Bencsik János,1,0
557c,2006-2010,Dr. Avarkeszi Dezső,0,0
558c,2006-2010,Nyakó István,0,0
559c,2006-2010,Dr. Szabóné Müller Timea,0,1
560c,2006-2010,Demeter Ervin,1,0
561c,2006-2010,Iváncsik Imre,0,0
562c,2006-2010,Vincze László,1,0
563c,2006-2010,Járvás István,1,0
564c,2006-2010,Juhász Ferenc,0,0
565c,2006-2010,Dr. Kelemen András,1,0
566c,2006-2010,Teleki László,0,0
567c,2006-2010,Gulyás Dénes,1,0
568c,2006-2010,Czerván György,1,0
569c,2006-2010,Schmidt Ferenc,1,0
570c,2006-2010,Horváth István,1,0
571c,2006-2010,Örvendi László József,1,0
572c,2006-2010,Bagi Béla,1,0
573c,2006-2010,Kiss Péter,0,0
574c,2006-2010,Páva Zoltán,0,0
575c,2006-2010,Dr. Mester László,0,0
576c,2006-2010,Lengyel Zoltán,1,0
577c,2006-2010,Gál J. Zoltán,0,0
578c,2006-2010,Dr. Navracsics Tibor,1,0
579c,2006-2010,Mádi László,1,0
580c,2006-2010,Dr. Garai István Levente,0,0
581c,2006-2010,Dr. Molnár Ágnes,1,1
582c,2006-2010,Papp József,0,0
583c,2006-2010,Dr. Czinege Imre,0,0
584c,2006-2010,Tóth Gábor,1,0
585c,2006-2010,Tóth András,0,0
586c,2006-2010,Dr. Tittmann János,0,0
587c,2006-2010,Gy. Németh Erzsébet,0,1
588c,2006-2010,Dér Zsuzsanna,0,1
589c,2006-2010,Kormos Dénes,0,0
590c,2006-2010,Pál Tibor,0,0
591c,2006-2010,Káli Sándor,0,0
592c,2006-2010,Molnár Gyula,0,0
593c,2006-2010,Hajdu László,0,0
594c,2006-2010,Dr. Fazekas Sándor,1,0
595c,2006-2010,Gyula Ferencné,0,1
596c,2006-2010,Farkas Imre,0,0
597c,2006-2010,Lezsák Sándor,1,0
598c,2006-2010,Márfai Péter,0,0
599c,2006-2010,Dr. Perjési Klára,0,1
600c,2006-2010,Dr. Juhászné Lévai Katalin,0,1
601c,2006-2010,Dr. Deutsch-Für Tamás,1,0
602c,2006-2010,Ivanics Ferenc,1,0
603c,2006-2010,Erdős Norbert,1,0
604c,2006-2010,Hárs Gábor,0,0
605c,2006-2010,Dr. Pósán László,1,0
606c,2006-2010,Németh Zsolt,1,0
607c,2006-2010,Rába László,0,0
608c,2006-2010,Dr. Botka László,0,0
609c,2006-2010,Dr. Molnár Csaba,0,0
610c,2006-2010,Dr. Vitányi István,1,0
611c,2006-2010,Dr. Simon Miklós,1,0
612c,2006-2010,Becsó Zsolt,1,0
613c,2006-2010,Dr. Áder János,1,0
614c,2006-2010,Dr. Magda Sándor,0,0
615c,2006-2010,Tóth Tiborné dr.,0,1
616c,2006-2010,Dr. Czira Szabolcs,1,0
617c,2006-2010,Bodó Imre,1,0
618c,2006-2010,Veress József,0,0
619c,2006-2010,Kósa Lajos,1,0
620c,2006-2010,Lasztovicza Jenő,1,0
621c,2006-2010,Molnár Oszkár,1,0
622c,2006-2010,Kocsi László,0,0
623c,2006-2010,Szijjártó Péter,1,0
624c,2006-2010,Dr. Faragó Péter,0,0
625c,2006-2010,Tóth Ferenc,1,0
626c,2006-2010,Lombos István,0,0
627c,2006-2010,Dr. Tóth István,0,0
628c,2006-2010,Dr. Ódor Ferenc,1,0
629c,2006-2010,Kis Péter László,0,0
630c,2006-2010,Manninger Jenő,1,0
631c,2006-2010,Dr. Orbán Viktor,1,0
632c,2006-2010,Rogán Antal,1,0
633c,2006-2010,Dr. Zombor Gábor,1,0
634c,2006-2010,Rácz Róbert,1,0
635c,2006-2010,Szabó Vilmos,0,0
636c,2006-2010,Nagy Sándor,1,0
637c,2006-2010,Rácz István,1,0
638c,2006-2010,Dr. Szabó Erika,1,1
639c,2006-2010,Dr. Baráth Etele,0,0
640c,2006-2010,Szűcs Lajos,1,0
641c,2006-2010,Dr. Schiffer János,0,0
642c,2006-2010,Dr. Szakács Imre,1,0
643c,2006-2010,Fedor Vilmos,0,0
644c,2006-2010,Borenszki Ervin,0,0
645c,2006-2010,Meggyes Tamás,1,0
646c,2006-2010,Szabó Imre,0,0
647c,2006-2010,Dr. Kolber István,0,0
648c,2006-2010,Boldvai László,0,0
649c,2006-2010,Dr. Suchman Tamás,0,0
650c,2006-2010,Dr. Kapolyi László,0,0
651c,2006-2010,Dr. Braun Márton,1,0
652c,2006-2010,Burány Sándor,0,0
653c,2006-2010,Warvasovszky Tihamér,0,0
654c,2006-2010,Pál Béla,0,0
655c,2006-2010,Kárpáti Tibor,0,0
656c,2006-2010,Arnóth Sándor,1,0
657c,2006-2010,Dr. Molnár Zsolt,0,0
658c,2006-2010,Vécsi István,0,0
659c,2006-2010,Varga Zoltán,0,0
660c,2006-2010,Dr. Szűcs Lajos,1,0
661c,2006-2010,Dr. Katona Béla,0,0
662c,2006-2010,Potápi Árpád János,1,0
663c,2006-2010,Érsek Zsolt,0,0
664c,2006-2010,Dr. Karsai József,0,0
665c,2006-2010,Dr. Deutsch Tamás,1,0
666c,2006-2010,Csontos János,0,0
667c,2006-2010,Paizs József,0,0
668c,2006-2010,Dr. Dorkota Lajos,1,0
669c,2006-2010,Dr. Tiba István,1,0
670c,2006-2010,Dr. Szabadkai Tamás,0,0
671c,2006-2010,Nagy István,1,0
672c,2006-2010,Dr. Nagy Imre,0,0
673c,2006-2010,Püski András,1,0
674c,2006-2010,Alföldi Albert,0,0
675c,2006-2010,Donáth László,0,0
676c,2006-2010,Lénárt László,0,0
677c,2006-2010,Gyárfás Ildikó,0,1
678c,2006-2010,Dr. Bóth János,0,0
679c,2006-2010,Dr. Selmeczi Gabriella,1,1
680c,2006-2010,Zatykó János,0,0
681c,2006-2010,Dr. Matolcsy György,1,0
682c,2006-2010,Dr. Vastagh Pál,0,0
683c,2006-2010,Dr. Hoppál Péter,1,0
684c,2006-2010,Sándor István,0,0
685c,2006-2010,Dr. Bácskai János,1,0
686c,2006-2010,Hagyó Miklós,0,0
687c,2006-2010,Dr. Bakonyi Tibor,0,0
688c,2006-2010,Németh Szilárd István,1,0
689c,2006-2010,Dr. Kálmán András,0,0
690c,2006-2010,Gyopáros Alpár,1,0
691c,2006-2010,Dr. Kövér László,1,0
692c,2006-2010,Kispál Ferenc,1,0
693c,2006-2010,Dr. Toller László,0,0
694c,2006-2010,Lukács Zoltán,0,0
695c,2006-2010,Dr. Horváth Klára,0,1
696c,2006-2010,Dr. Kerényi János,1,0
697c,2006-2010,Kubatov Gábor,1,0
698c,2006-2010,Rákóczy Attila István,0,0
699c,2006-2010,Vitányi Iván,0,0
700c,2010-2014,Dr. Horváth János,1,0
701c,2010-2014,Dr. Schmitt Pál,1,0
702c,2010-2014,Dr. Szűcs Lajos,1,0
703c,2010-2014,Dr. Orbán Viktor,1,0
704c,2010-2014,Varga Zoltán,0,0
705c,2010-2014,Dr. Balsai István,1,0
706c,2010-2014,Tamás Barnabás,1,0
707c,2010-2014,Dr. Kupcsok Lajos,1,0
708c,2010-2014,Dr. Ipkovich György,0,0
709c,2010-2014,Kósa Lajos,1,0
710c,2010-2014,Harangozó Gábor,0,0
711c,2010-2014,Rácz Róbert,1,0
712c,2010-2014,Dr. Ódor Ferenc,1,0
713c,2010-2014,Dr. Molnár Attila,1,0
714c,2010-2014,Baracskai József,0,0
715c,2010-2014,Tukacs István,0,0
716c,2010-2014,Dr. Lamperth Mónika,0,1
717c,2010-2014,Dr. Józsa István,0,0
718c,2010-2014,Czunyiné Dr. Bertalan Judit,1,1
719c,2010-2014,Dr. Láng Zsolt,1,0
720c,2010-2014,Simon Gábor,0,0
721c,2010-2014,Márton Attila,1,0
722c,2010-2014,Pál Tibor,0,0
723c,2010-2014,Szűcs Erika,0,0
724c,2010-2014,Dr. Szakács Imre,1,0
725c,2010-2014,Dr. Bóka István,1,0
726c,2010-2014,Dr. Kovács Zoltán,1,0
727c,2010-2014,Dr. Simon Gábor,0,0
728c,2010-2014,Dr. Kolber István,0,0
729c,2010-2014,Berényi László,1,0
730c,2010-2014,Dr. Nemény András,0,0
731c,2010-2014,Kővári János,1,0
732c,2010-2014,Dr. Gulyás Gergely,1,0
733c,2010-2014,Nagy Csaba,1,0
734c,2010-2014,Csizi Péter,1,0
735c,2010-2014,Gőgös Zoltán,0,0
736c,2010-2014,Szabó Vilmos,0,0
737c,2010-2014,Dr. Czira Szabolcs,1,0
738c,2010-2014,Dr. Vitányi István,1,0
739c,2010-2014,Dr. Dorkota Lajos,1,0
740c,2010-2014,Boldog István,1,0
741c,2010-2014,Göndör István,0,0
742c,2010-2014,Dr. Selmeczi Gabriella,1,1
743c,2010-2014,Horváth Csaba,0,0
744c,2010-2014,Balog Zoltán,1,0
745c,2010-2014,Dr. Ángyán József,1,0
746c,2010-2014,Koszorús László,1,0
747c,2010-2014,Nyitrai Zsolt,1,0
748c,2010-2014,Káli Sándor,0,0
749c,2010-2014,Kontrát Károly,1,0
750c,2010-2014,Dr. Steiner Pál,0,0
751c,2010-2014,Dr. Navracsics Tibor,1,0
752c,2010-2014,Dr. Hende Csaba,1,0
753c,2010-2014,Halász János,1,0
754c,2010-2014,Dr. Fónagy János,1,0
755c,2010-2014,Dr. Czomba Sándor,1,0
756c,2010-2014,Tóbiás József,0,0
757c,2010-2014,Tállai András,1,0
758c,2010-2014,Dr. Sós Tamás,0,0
759c,2010-2014,Németh Zsolt,1,0
760c,2010-2014,Kovács Tibor,0,0
761c,2010-2014,Lázár János,1,0
762c,2010-2014,Rogán Antal,1,0
763c,2010-2014,Font Sándor,1,0
764c,2010-2014,Dr. Szabó Erika,1,1
765c,2010-2014,Dr. Braun Márton,1,0
766c,2010-2014,Dr. Bárándy Gergely,0,0
767c,2010-2014,Dr. Répássy Róbert,1,0
768c,2010-2014,Dr. Cser-Palkovics András,1,0
769c,2010-2014,Ékes József,1,0
770c,2010-2014,Dr. Gruber Attila,1,0
771c,2010-2014,Dr. Hörcsik Richárd,1,0
772c,2010-2014,Dr. Varga László,0,0
773c,2010-2014,Gúr Nándor,0,0
774c,2010-2014,Dr. Varga István,1,0
775c,2010-2014,Balázs József,1,0
776c,2010-2014,Kiss Péter,0,0
777c,2010-2014,Kovács Péter,1,0
778c,2010-2014,Dr. Nagy István,1,0
779c,2010-2014,Fejér Andor,1,0
780c,2010-2014,Szólláth Tibor Zoltán,1,0
781c,2010-2014,Szatmáry Kristóf,1,0
782c,2010-2014,Varga Mihály,1,0
783c,2010-2014,Menczer Erzsébet,1,1
784c,2010-2014,Mandur László,0,0
785c,2010-2014,Román István,1,0
786c,2010-2014,Dr. Baja Ferenc,0,0
787c,2010-2014,Lendvai Ildikó,0,1
788c,2010-2014,Dr. Puskás Imre,1,0
789c,2010-2014,Manninger Jenő,1,0
790c,2010-2014,Dr. Veres János,0,0
791c,2010-2014,Lasztovicza Jenő,1,0
792c,2010-2014,Dr. Horváth Zsolt,1,0
793c,2010-2014,Patay Vilmos,1,0
794c,2010-2014,Dr. Tóth József,1,0
795c,2010-2014,Mágori Józsefné,1,1
796c,2010-2014,Rónaszékiné Keresztes Monika,1,1
797c,2010-2014,Dr. Zsiga Marcell,1,0
798c,2010-2014,Lakatosné Sira Magdolna,1,1
799c,2010-2014,Ficsor Ádám,0,0
800c,2010-2014,Ágh Péter,1,0
801c,2010-2014,Bánki Erik,1,0
802c,2010-2014,Talabér Márta,1,1
803c,2010-2014,Törő Gábor,1,0
804c,2010-2014,Tóth Gábor,1,0
805c,2010-2014,Révész Máriusz,1,0
806c,2010-2014,Pichler Imre László,1,0
807c,2010-2014,Iváncsik Imre,0,0
808c,2010-2014,Juhász Ferenc,0,0
809c,2010-2014,Dr. Vadai Ágnes,0,1
810c,2010-2014,Gulyás Dénes,1,0
811c,2010-2014,L. Simon László,1,0
812c,2010-2014,Dr. Turi-Kovács Béla,1,0
813c,2010-2014,Pócs János,1,0
814c,2010-2014,Kara Ákos,1,0
815c,2010-2014,Dr. Vas Imre,1,0
816c,2010-2014,Demeter Zoltán,1,0
817c,2010-2014,Bartos Mónika,1,1
818c,2010-2014,Csöbör Katalin,1,1
819c,2010-2014,Gajda Róbert,1,0
820c,2010-2014,Dr. Hiller István,0,0
821c,2010-2014,Nyakó István,0,0
822c,2010-2014,Wittner Mária,1,1
823c,2010-2014,Dr. Pósán László,1,0
824c,2010-2014,Prof. Iván László,1,0
825c,2010-2014,Dr. Matolcsy György,1,0
826c,2010-2014,Mesterházy Attila,0,0
827c,2010-2014,Dr. Illés Zoltán,1,0
828c,2010-2014,Orbán Viktor,1,0
829c,2010-2014,Pál Béla,0,0
830c,2010-2014,Potápi Árpád János,1,0
831c,2010-2014,V. Németh Zsolt,1,0
832c,2010-2014,Jánosiné Dr. Bene Ildikó,1,1
833c,2010-2014,Varju László,0,0
834c,2010-2014,Dr. Oláh Lajos,0,0
835c,2010-2014,Sebestyén László,1,0
836c,2010-2014,Dr. Ujhelyi István,0,0
837c,2010-2014,Puch László,0,0
838c,2010-2014,Németh Szilárd István,1,0
839c,2010-2014,Dr. Dancsó József,1,0
840c,2010-2014,Babák Mihály,1,0
841c,2010-2014,Dr. Tiba István,1,0
842c,2010-2014,Burány Sándor,0,0
843c,2010-2014,Győrffy Balázs,1,0
844c,2010-2014,Szabó Zsolt,1,0
845c,2010-2014,Balla Mihály,1,0
846c,2010-2014,Horváth András Tibor,0,0
847c,2010-2014,Dr. Hoppál Péter,1,0
848c,2010-2014,Dr. Mátrai Márta Mária,1,1
849c,2010-2014,Borbély Lénárd,1,0
850c,2010-2014,Dr. Kovács József,1,0
851c,2010-2014,Lezsák Sándor,1,0
852c,2010-2014,Fülöp István,1,0
853c,2010-2014,Kulcsár József Ferenc,1,0
854c,2010-2014,Dr. Garai István Levente,0,0
855c,2010-2014,Lukács Zoltán,0,0
856c,2010-2014,Földesi Gyula,1,0
857c,2010-2014,Balogh József,1,0
858c,2010-2014,Tiffán Zsolt,1,0
859c,2010-2014,Dr. Harangozó Tamás,0,0
860c,2010-2014,Gyurcsány Ferenc,0,0
861c,2010-2014,Riz Gábor,1,0
862c,2010-2014,Dr. Kocsis Máté,1,0
863c,2010-2014,Tóth Csaba,0,0
864c,2010-2014,Dr. Szalay Péter,1,0
865c,2010-2014,Bencsik János,1,0
866c,2010-2014,Obreczán Ferenc,1,0
867c,2010-2014,Dr. Molnár Zsolt,0,0
868c,2010-2014,Sági István,1,0
869c,2010-2014,Riz Levente,1,0
870c,2010-2014,Dr. Papcsák Ferenc,1,0
871c,2010-2014,Boldvai László,0,0
872c,2010-2014,Szijjártó Péter,1,0
873c,2010-2014,Dr. Bohács Zsolt,1,0
874c,2010-2014,Kozma Péter,1,0
875c,2010-2014,Dr. Szekeres Imre,0,0
876c,2010-2014,Dr. Daher Pierre,1,0
877c,2010-2014,Szabó Imre,0,0
878c,2010-2014,Dankó Béla,1,0
879c,2010-2014,Herman István Ervin,1,0
880c,2010-2014,Bábiné Szottfried Gabriella,1,1
881c,2010-2014,Czerván György,1,0
882c,2010-2014,Kőszegi Zoltán,1,0
883c,2010-2014,Farkas Zoltán,1,0
884c,2010-2014,Vincze László,1,0
885c,2010-2014,Dr. Heintz Tamás,1,0
886c,2010-2014,Balla György,1,0
887c,2010-2014,Nagy István,1,0
888c,2010-2014,Szedlák Attila,1,0
889c,2010-2014,Wintermantel Zsolt,1,0
890c,2010-2014,Borkai Zsolt,1,0
891c,2010-2014,Csampa Zsolt,1,0
892c,2010-2014,Dr. Szili Katalin,0,1
893c,2010-2014,Becsó Zsolt,1,0
894c,2010-2014,Farkas Sándor,1,0
895c,2010-2014,Bodó Imre,1,0
896c,2010-2014,Pintér László,1,0
897c,2010-2014,Dr. Gyimesi Endre,1,0
898c,2010-2014,Kucsák László,1,0
899c,2010-2014,Dr. Karakó László,1,0
900c,2010-2014,Ughy Attila,1,0
901c,2010-2014,Pogácsás Tibor,1,0
902c,2010-2014,Kontur Pál,1,0
903c,2010-2014,Kovács László,0,0
904c,2010-2014,Gelencsér Attila,1,0
905c,2010-2014,Dr. Kupper András,1,0
906c,2010-2014,Dr. Fazekas Sándor,1,0
907c,2010-2014,Nógrádi Zoltán,1,0
908c,2010-2014,Székyné Dr. Sztrémi Melinda,1,1
909c,2010-2014,Kiss Attila,1,0
910c,2010-2014,Magyar Anna,1,1
911c,2010-2014,Dr. Tapolczai Gergely,1,0
912c,2010-2014,Kovács Ernő,1,0
913c,2010-2014,Lipők Sándor,1,0
914c,2010-2014,Dr. Szabó Tamás,1,0
915c,2010-2014,Lukács László,1,0
916c,2010-2014,Hadházy Sándor,1,0
917c,2010-2014,Bebes István,1,0
918c,2010-2014,Dr. Simon Miklós,1,0
919c,2010-2014,Szekó József,1,0
920c,2010-2014,Gyutai Csaba,1,0
921c,2010-2014,Kovács Ferenc,1,0
922c,2010-2014,Gyopáros Alpár,1,0
923c,2010-2014,Dr. Mengyi Roland,1,0
924c,2010-2014,Schmidt Csaba,1,0
925c,2010-2014,Hirt Ferenc,1,0
926c,2010-2014,Dr. Hollósi Antal Gábor,1,0
927c,2010-2014,Ivanics Ferenc,1,0
928c,2010-2014,Jakab István,1,0
929c,2010-2014,Tasó László,1,0
930c,2010-2014,Vigh László,1,0
931c,2010-2014,Dr. Budai Gyula,1,0
932c,2010-2014,Zsigó Róbert,1,0
933c,2010-2014,Vargha Tamás,1,0
934c,2010-2014,Ékes Ilona,1,0
935c,2010-2014,Szalay Ferenc,1,0
936c,2010-2014,Dr. Szanyi Tibor,0,0
937c,2010-2014,Brájer Éva,1,1
938c,2010-2014,Cseresnyés Péter,1,0
939c,2010-2014,Szabó Csaba,1,0
940c,2010-2014,Pánczél Károly,1,0
941c,2010-2014,Pokorni Zoltán,1,0
942c,2010-2014,Varga Gábor,1,0
943c,2010-2014,Dr. Nagy Gábor Tamás,1,0
944c,2010-2014,Vécsey László,1,0
945c,2010-2014,Dr. Botka László,0,0
946c,2010-2014,Németh Zoltán,1,0
947c,2010-2014,Hanó Miklós,1,0
948c,2010-2014,Arnóth Sándor,1,0
949c,2010-2014,Dr. Zombor Gábor,1,0
950c,2010-2014,László Tamás,1,0
951c,2010-2014,Csenger-Zalán Zsolt,1,0
952c,2010-2014,Koncz Ferenc,1,0
953c,2010-2014,Horváth László,1,0
954c,2010-2014,Bodó Sándor,1,0
955c,2010-2014,Dr. Kerényi János,1,0
956c,2010-2014,Polics József,1,0
957c,2010-2014,Vantara Gyula,1,0
958c,2010-2014,Dr. Tilki Attila,1,0
959c,2010-2014,Dr. Völner Pál,1,0
960c,2010-2014,Varga József,1,0
961c,2010-2014,Simonka György,1,0
962c,2010-2014,Demeter Ervin,1,0
963c,2010-2014,Csóti György,1,0
964c,2010-2014,Horváth István,1,0
965c,2010-2014,Farkas Flórián,1,0
966c,2010-2014,Erdős Norbert,1,0
967c,2010-2014,Dr. Vinnai Győző,1,0
968c,2010-2014,Dr. Pesti Imre,1,0
969c,2010-2014,Dr. Bene Ildikó,1,0
970c,2010-2014,Dr. Mihalovics Péter,1,0
971c,2010-2014,Navracsics Tibor,1,0
972c,2010-2014,Horváth Zoltán,1,0
973c,2010-2014,Dr. Mikola István,1,0
974c,2010-2014,Dióssi Csaba,1,0
975c,2010-2014,B Nagy László,1,0
976c,2010-2014,Dr. Bácskai János,1,0
977c,2010-2014,Tessely Zoltán,1,0
978c,2010-2014,Dr. György István,1,0
979c,2010-2014,Dr. Kovács Ferenc,1,0
980c,2010-2014,Sós Tamás,0,0
981c,2010-2014,Tóth Ferenc,1,0
982c,2010-2014,Örvendi László,1,0
983c,2010-2014,Bányai Gábor,1,0
984c,2010-2014,Kapus Krisztián,1,0
985c,2010-2014,Dr. Molnár Csaba,0,0
986c,2010-2014,Hidvéghi Balázs,1,0
987c,2010-2014,Szemereyné Pataki Klaudia,1,1
988c,2010-2014,Mihalovics Péter,1,0
989c,2010-2014,Kránitz László,0,0
990c,2010-2014,Dr. Kövér László,1,0
991c,2010-2014,Kövér László,1,0
992c,2014-2018,Gúr Nándor,0,0
993c,2014-2018,Kontrát Károly,1,0
994c,2014-2018,Dr. Czomba Sándor,1,0
995c,2014-2018,Dr. Nagy István,1,0
996c,2014-2018,Tóbiás József,0,0
997c,2014-2018,Harangozó Gábor István,0,0
998c,2014-2018,Tállai András,1,0
999c,2014-2018,László Tamás,1,0
1000c,2014-2018,Dr. Fónagy János,1,0
1001c,2014-2018,Heringes Anita,0,1
1002c,2014-2018,Hende Csaba,1,0
1003c,2014-2018,Demeter Márta,0,1
1004c,2014-2018,Dr. Répássy Róbert,1,0
1005c,2014-2018,Demeter Zoltán,1,0
1006c,2014-2018,Dr. Harangozó Tamás Attila,0,0
1007c,2014-2018,Czunyiné Dr. Bertalan Judit,1,1
1008c,2014-2018,Dr. Bárándy Gergely,0,0
1009c,2014-2018,Dr. Józsa István,0,0
1010c,2014-2018,Korózs Lajos,0,0
1011c,2014-2018,Dr. Hiller István,0,0
1012c,2014-2018,Rogán Antal,1,0
1013c,2014-2018,Kiss László,0,0
1014c,2014-2018,Teleki László,0,0
1015c,2014-2018,Szatmáry Kristóf,1,0
1016c,2014-2018,Dr. Mengyi Roland,1,0
1017c,2014-2018,Tukacs István,0,0
1018c,2014-2018,Bánki Erik,1,0
1019c,2014-2018,Witzmann Mihály,1,0
1020c,2014-2018,Burány Sándor,0,0
1021c,2014-2018,Dr. Vitányi István,1,0
1022c,2014-2018,Riz Gábor,1,0
1023c,2014-2018,Tóth Csaba,0,0
1024c,2014-2018,Cseresnyés Péter,1,0
1025c,2014-2018,Dr. Tóth Bertalan,0,0
1026c,2014-2018,Dr. Varga László,0,0
1027c,2014-2018,Szabó Sándor,0,0
1028c,2014-2018,Lázár János,1,0
1029c,2014-2018,Németh Szilárd István,1,0
1030c,2014-2018,Dr. Szakács László,0,0
1031c,2014-2018,Bangóné Borbély Ildikó,0,1
1032c,2014-2018,Bencsik János,1,0
1033c,2014-2018,Dr. Kovács Zoltán,1,0
1034c,2014-2018,Csizi Péter,1,0
1035c,2014-2018,Dr. Galambos Dénes,1,0
1036c,2014-2018,Tuzson Bence,1,0
1037c,2014-2018,Dr. Turi-Kovács Béla,1,0
1038c,2014-2018,Dr. Gulyás Gergely,1,0
1039c,2014-2018,Kunhalmi Ágnes,0,1
1040c,2014-2018,Dr. Vas Imre,1,0
1041c,2014-2018,Németh Zsolt,1,0
1042c,2014-2018,Szijjártó Péter,1,0
1043c,2014-2018,Tasó László,1,0
1044c,2014-2018,Pogácsás Tibor,1,0
1045c,2014-2018,Ágh Péter,1,0
1046c,2014-2018,Kovács Sándor,1,0
1047c,2014-2018,L. Simon László,1,0
1048c,2014-2018,Vécsey László,1,0
1049c,2014-2018,Lukács Zoltán,0,0
1050c,2014-2018,Dr. Hoppál Péter,1,0
1051c,2014-2018,Kósa Lajos,1,0
1052c,2014-2018,Gyopáros Alpár,1,0
1053c,2014-2018,Dr. Legény Zsolt,0,0
1054c,2014-2018,Zsigó Róbert,1,0
1055c,2014-2018,Szabolcs Attila,1,0
1056c,2014-2018,Bartos Mónika,1,1
1057c,2014-2018,Horváth Imre,0,0
1058c,2014-2018,Kara Ákos,1,0
1059c,2014-2018,Vargha Tamás,1,0
1060c,2014-2018,Simon Róbert Balázs,1,0
1061c,2014-2018,Nyitrai Zsolt,1,0
1062c,2014-2018,Potápi Árpád János,1,0
1063c,2014-2018,Pánczél Károly,1,0
1064c,2014-2018,Dr. Bene Ildikó,1,0
1065c,2014-2018,Révész Máriusz,1,0
1066c,2014-2018,Dr. Szűcs Lajos,1,0
1067c,2014-2018,Gőgös Zoltán,0,0
1068c,2014-2018,Manninger Jenő,1,0
1069c,2014-2018,Mesterházy Attila,0,0
1070c,2014-2018,Becsó Zsolt,1,0
1071c,2014-2018,Győrffy Balázs,1,0
1072c,2014-2018,Dr. Harangozó Tamás,0,0
1073c,2014-2018,Dunai Mónika,1,1
1074c,2014-2018,Dr. Völner Pál,1,0
1075c,2014-2018,Gelencsér Attila,1,0
1076c,2014-2018,Orbán Viktor,1,0
1077c,2014-2018,Dr. Hörcsik Richárd,1,0
1078c,2014-2018,Bodó Sándor,1,0
1079c,2014-2018,Vantara Gyula,1,0
1080c,2014-2018,Dr. Selmeczi Gabriella,1,1
1081c,2014-2018,V. Németh Zsolt,1,0
1082c,2014-2018,Dr. Mátrai Márta Mária,1,1
1083c,2014-2018,Dr. Salacz László,1,0
1084c,2014-2018,Törő Gábor,1,0
1085c,2014-2018,Dr. Vinnai Győző,1,0
1086c,2014-2018,Balla Mihály,1,0
1087c,2014-2018,Font Sándor,1,0
1088c,2014-2018,Horváth István,1,0
1089c,2014-2018,Kucsák László,1,0
1090c,2014-2018,Dr. Fazekas Sándor,1,0
1091c,2014-2018,Balla György,1,0
1092c,2014-2018,Jakab István,1,0
1093c,2014-2018,Czerván György,1,0
1094c,2014-2018,Pócs János,1,0
1095c,2014-2018,Varga Gábor,1,0
1096c,2014-2018,Dankó Béla,1,0
1097c,2014-2018,Dr. Pósán László,1,0
1098c,2014-2018,Boldog István,1,0
1099c,2014-2018,Csöbör Katalin,1,1
1100c,2014-2018,Farkas Sándor,1,0
1101c,2014-2018,Hiszékeny Dezső,0,0
1102c,2014-2018,Tessely Zoltán,1,0
1103c,2014-2018,Hadházy Sándor,1,0
1104c,2014-2018,Dr. Molnár Zsolt,0,0
1105c,2014-2018,Csenger-Zalán Zsolt,1,0
1106c,2014-2018,Bóna Zoltán,1,0
1107c,2014-2018,B. Nagy László,1,0
1108c,2014-2018,Velez Árpád,0,0
1109c,2014-2018,Vigh László,1,0
1110c,2014-2018,Dr. Simon Miklós,1,0
1111c,2014-2018,Petneházy Attila,1,0
1112c,2014-2018,Dr. Molnár Ágnes,1,1
1113c,2014-2018,Varga Mihály,1,0
1114c,2014-2018,Salacz László,1,0
1115c,2014-2018,Balog Zoltán,1,0
1116c,2014-2018,Szabó Zsolt,1,0
1117c,2014-2018,Dr. Kovács József,1,0
1118c,2014-2018,Dr. Tilki Attila,1,0
1119c,2014-2018,Dr. Pesti Imre,1,0
1120c,2014-2018,Halász János,1,0
1121c,2014-2018,Dr. Tapolczai Gergely,1,0
1122c,2014-2018,Bányai Gábor,1,0
1123c,2014-2018,Lezsák Sándor,1,0
1124c,2014-2018,Dr. Navracsics Tibor,1,0
1125c,2014-2018,Tiffán Zsolt,1,0
1126c,2014-2018,Dr. Zombor Gábor,1,0
1127c,2014-2018,Hirt Ferenc,1,0
1128c,2014-2018,Horváth László,1,0
1129c,2014-2018,Kövér László,1,0
1130c,2014-2018,Dr. Kerényi János,1,0
1131c,2014-2018,Dr. Tiba István,1,0
1132c,2014-2018,Budai Gyula,1,0
1133c,2014-2018,Dr. Kiss László,0,0
1134c,2014-2018,Varga József,1,0
1135c,2014-2018,Dr. Papcsák Ferenc,1,0
1136c,1998-2002,Koncz Ferenc,1,0
1137c,1998-2002,Dr. Solymosi József,0,0
1138c,1998-2002,Keller László,0,0
1139c,1998-2002,Varga Mihály,1,0
1140c,1998-2002,Dr. Surján László,1,0
1141c,1998-2002,Dr. Veres János,0,0
1142c,1998-2002,Dr. Őry Csaba,1,0
1143c,1998-2002,Dr. Gógl Árpád,1,0
1144c,1998-2002,Dr. Vojnik Mária,0,1
1145c,1998-2002,Kosztolányi Dénes,1,0
1146c,1998-2002,Dr. Kökény Mihály,0,0
1147c,1998-2002,Dr. Horváth Zsolt,1,0
1148c,1998-2002,Hegyi Gyula,0,0
1149c,1998-2002,Dr. Bartha László,1,0
1150c,1998-2002,Dr. Frajna Imre,1,0
1151c,1998-2002,Dr. Selmeczi Gabriella,1,1
1152c,1998-2002,Dr. Szekeres Imre,0,0
1153c,1998-2002,Üszögi-Bleyer Jenő,0,0
1154c,1998-2002,Dr. Takács Imre,0,0
1155c,1998-2002,Endre Sándor,1,0
1156c,1998-2002,Dr. Mánya Kristóf,1,0
1157c,1998-2002,Dr. Répássy Róbert,1,0
1158c,1998-2002,Burány Sándor,0,0
1159c,1998-2002,Pokorni Zoltán,1,0
1160c,1998-2002,Dr. Horváth János,1,0
1161c,1998-2002,Dr. Házas József,0,0
1162c,1998-2002,Dr. Schvarcz Tibor,0,0
1163c,1998-2002,Dr. Szanyi Tibor,0,0
1164c,1998-2002,Nagyiványi Zoltán,0,0
1165c,1998-2002,Göndör István,0,0
1166c,1998-2002,Németh Zsolt,1,0
1167c,1998-2002,Dr. Mátrai Márta Mária,1,1
1168c,1998-2002,Rockenbauer Zoltán,1,0
1169c,1998-2002,Harrach Péter,1,0
1170c,1998-2002,Dr. Fónagy János,1,0
1171c,1998-2002,Szita Károly,1,0
1172c,1998-2002,Dr. Katona Béla,0,0
1173c,1998-2002,Dr. Salamon László,1,0
1174c,1998-2002,Mádi László,1,0
1175c,1998-2002,Pozsgai Balázs,0,0
1176c,1998-2002,Dr. Orbán Viktor,1,0
1177c,1998-2002,Dr. Karl Imre,0,0
1178c,1998-2002,Vargáné Kerékgyártó Ildikó,0,0
1179c,1998-2002,Dr. Sáling József,0,0
1180c,1998-2002,Dr. Tabajdi Csaba,0,0
1181c,1998-2002,Várkonyi András,1,0
1182c,1998-2002,Dr. Gál Zoltán,0,0
1183c,1998-2002,Tóbiás József,0,0
1184c,1998-2002,Tóth András,1,0
1185c,1998-2002,Dr. Balogh László,0,0
1186c,1998-2002,Steinerné Vasvári Éva,1,1
1187c,1998-2002,Balla György,1,0
1188c,1998-2002,Ughy Attila,1,0
1189c,1998-2002,Herczog Edit,0,1
1190c,1998-2002,Balsay István,1,0
1191c,1998-2002,Homa János,1,0
1192c,1998-2002,Bodzás Ferenc Árpád,0,0
1193c,1998-2002,Ivanics István,1,0
1194c,1998-2002,Dr. Latorcai János,1,0
1195c,1998-2002,Járvás István,1,0
1196c,1998-2002,Perlaki Jenő,1,0
1197c,1998-2002,Jauernik István,0,0
1198c,1998-2002,Dr. Wiener György,0,0
1199c,1998-2002,Tóth István,1,0
1200c,1998-2002,Dr. Dancsó József,1,0
1201c,1998-2002,Korózs Lajos,0,0
1202c,1998-2002,Dr. Géczi József Alajos,0,0
1203c,1998-2002,Molnár Albert,0,0
1204c,1998-2002,Dr. Szabó Erika,1,1
1205c,1998-2002,Lendvai Ildikó,0,1
1206c,1998-2002,Dr. Kerényi János,1,0
1207c,1998-2002,Mayer Bertalan,0,0
1208c,1998-2002,Sasvári Szilárd,1,0
1209c,1998-2002,Dr. Isépy Tamás,1,0
1210c,1998-2002,Kovács László,0,0
1211c,1998-2002,Glattfelder Béla,1,0
1212c,1998-2002,Révész Máriusz,1,0
1213c,1998-2002,Kádas Mihály,1,0
1214c,1998-2002,Bánki Erik,1,0
1215c,1998-2002,Bajor Tibor,0,0
1216c,1998-2002,Karakas János,0,0
1217c,1998-2002,Sági József,1,0
1218c,1998-2002,Dr. Rubovszky György,1,0
1219c,1998-2002,Horváth László,1,0
1220c,1998-2002,Hadházy Sándor,1,0
1221c,1998-2002,Páva Zoltán,0,0
1222c,1998-2002,Dr. Nagy Gábor Tamás,1,0
1223c,1998-2002,Dr. Orosz Sándor,0,0
1224c,1998-2002,Dr. Weszelovszky Zoltán,1,0
1225c,1998-2002,Sibak András,0,0
1226c,1998-2002,Dr. Tompa Sándor,0,0
1227c,1998-2002,Dr. Csiha Judit,0,1
1228c,1998-2002,Dr. Szájer József,1,0
1229c,1998-2002,Várhegyi Attila,1,0
1230c,1998-2002,Vancsik Zoltán,0,0
1231c,1998-2002,Márton Attila,1,0
1232c,1998-2002,Fritz Péter,0,0
1233c,1998-2002,Benedek Mihály,0,0
1234c,1998-2002,Végh László,1,0
1235c,1998-2002,Dr. Lamperth Mónika,0,1
1236c,1998-2002,Dr. Avarkeszi Dezső,0,0
1237c,1998-2002,Herbály Imre,0,0
1238c,1998-2002,Dr. Varga László,1,0
1239c,1998-2002,Kiss Péter,0,0
1240c,1998-2002,Dr. Deutsch Tamás,1,0
1241c,1998-2002,Tóth Ferenc,1,0
1242c,1998-2002,Csizmár Gábor,0,0
1243c,1998-2002,Dr. Kovács Zoltán,1,0
1244c,1998-2002,Szabó Imre,0,0
1245c,1998-2002,Dr. Baráth Etele,0,0
1246c,1998-2002,Dr. Juharos Róbert,1,0
1247c,1998-2002,Rogán Antal,1,0
1248c,1998-2002,Kertész István,0,0
1249c,1998-2002,Francz Rezső,0,0
1250c,1998-2002,Molnár Gyula,0,0
1251c,1998-2002,Dr. Szabó József Andor,1,0
1252c,1998-2002,Dr. Toller László,0,0
1253c,1998-2002,Fodor Sándor,0,0
1254c,1998-2002,Lévai Tibor,1,0
1255c,1998-2002,Ruchti Róbert,1,0
1256c,1998-2002,Koltai Ildikó,1,1
1257c,1998-2002,Molnár Oszkár,1,0
1258c,1998-2002,Tóth Sándor,0,0
1259c,1998-2002,Dr. Hargitai János,1,0
1260c,1998-2002,Szinyei András,1,0
1261c,1998-2002,Juhász Gábor,0,0
1262c,1998-2002,Zsigó Róbert,1,0
1263c,1998-2002,Dr. Gyimesi József,1,0
1264c,1998-2002,Dr. Csákabonyi Balázs,0,0
1265c,1998-2002,Szabó István,1,0
1266c,1998-2002,Dr. Serfőző András,0,0
1267c,1998-2002,Podolák György,0,0
1268c,1998-2002,Ivanics Ferenc,1,0
1269c,1998-2002,Tállai András,1,0
1270c,1998-2002,Gubicza Tibor,1,0
1271c,1998-2002,Farkas Imre,0,0
1272c,1998-2002,Nikolits István,0,0
1273c,1998-2002,Dr. Vastagh Pál,0,0
1274c,1998-2002,Dr. Simicskó István,1,0
1275c,1998-2002,Domokos László,1,0
1276c,1998-2002,Csige József,0,0
1277c,1998-2002,Kovács Tibor,0,0
1278c,1998-2002,Csabai Lászlóné,0,1
1279c,1998-2002,Dr. Bazsa György,0,0
1280c,1998-2002,Dr. Jánosi György,0,0
1281c,1998-2002,Dr. Németh Imre,0,0
1282c,1998-2002,Szabó Sándorné,0,1
1283c,1998-2002,Dr. Bóka István,1,0
1284c,1998-2002,Szabados Tamás,0,0
1285c,1998-2002,Kósáné Dr. Kovács Magda,0,1
1286c,1998-2002,Nyitray András,1,0
1287c,1998-2002,Dr. Ódor Ferenc,1,0
1288c,1998-2002,Dr. Braun Márton,1,0
1289c,1998-2002,Oszlár Albert,1,0
1290c,1998-2002,Dr. Nagy Sándor,0,0
1291c,1998-2002,Dr. Pap János,1,0
1292c,1998-2002,Lenártek András,1,0
1293c,1998-2002,Szilágyi Péter,0,0
1294c,1998-2002,Dr. Pusztai Gyula,0,0
1295c,1998-2002,Dr. Kiss Gábor,0,0
1296c,1998-2002,Dr. Sáringer Gyula Ede,1,0
1297c,1998-2002,Dr. Juhászné Lévai Katalin,0,1
1298c,1998-2002,Dr. Vitányi István,1,0
1299c,1998-2002,Zatykó János,0,0
1300c,1998-2002,Dr. Bakonyi Tibor,0,0
1301c,1998-2002,Gyárfás Ildikó,0,1
1302c,1998-2002,Lévai Ferenc,0,0
1303c,1998-2002,Dr. Ábrahám János,0,0
1304c,1998-2002,Dr. Koleszár Lajos,0,0
1305c,1998-2002,Dr. Vidoven Árpád,1,0
1306c,1998-2002,Láyer József,1,0
1307c,1998-2002,Vígh Ilona,1,1
1308c,1998-2002,Dr. Buza Attila Zoltán,1,0
1309c,1998-2002,Fehérvári Tamás,1,0
1310c,1998-2002,Kósa Lajos,1,0
1311c,1998-2002,Szabó Ferenc,1,0
1312c,1998-2002,Borkó Károly,1,0
1313c,1998-2002,Czerván György,1,0
1314c,1998-2002,Arnóth Sándor,1,0
1315c,1998-2002,Rajcsányi Péter Kálmán,1,0
1316c,1998-2002,Tóth Károly,0,0
1317c,1998-2002,Dr. Suchman Tamás,0,0
1318c,1998-2002,Szalai Annamária,1,1
1319c,1998-2002,Bársony András,0,0
1320c,1998-2002,Horn Gyula,0,0
1321c,1998-2002,Gyürk András,1,0
1322c,1998-2002,Dr. Helmeczy László,1,0
1323c,1998-2002,Dr. Szili Katalin,0,1
1324c,1998-2002,Dr. Szabó Zoltán,0,0
1325c,1998-2002,Dr. Szakács Imre,1,0
1326c,1998-2002,Ecsődi László,0,0
1327c,1998-2002,Dr. Vágvölgyi János,0,0
1328c,1998-2002,Kósa Ferenc,0,0
1329c,1998-2002,Gráf József,0,0
1330c,1998-2002,Lasztovicza Jenő,1,0
1331c,1998-2002,Kocsi László,0,0
1332c,1998-2002,Filló Pál,0,0
1333c,1998-2002,Dr. Pósán László,1,0
1334c,1998-2002,Pál Béla,0,0
1335c,1998-2002,Dr. Martonosi György,1,0
1336c,1998-2002,Simon József,0,0
1337c,1998-2002,Farkas Sándor,1,0
1338c,1998-2002,Lakatos András,0,0
1339c,1998-2002,Pásztohy András,0,0
1340c,1998-2002,Körömi Attila,1,0
1341c,1998-2002,Bebes István,1,0
1342c,1998-2002,Babák Mihály,1,0
1343c,1998-2002,Kozma Péter,1,0
1344c,1998-2002,Bernáth Ildikó,1,1
1345c,1998-2002,Dr. Sümeghy Csaba,1,0
1346c,1998-2002,Dr. Dorkota Lajos,1,0
1347c,1998-2002,Juhász Ferenc,0,0
1348c,1998-2002,Dr. Hörcsik Richard,1,0
1349c,1998-2002,Búsi Lajos,1,0
1350c,1998-2002,Herbst János,1,0
1351c,1998-2002,Szili Sándor,0,0
1352c,1998-2002,Iváncsik Imre,0,0
1353c,1998-2002,Godó Lajos,0,0
1354c,1998-2002,Dr. Sándor László,0,0
1355c,1998-2002,Kovács Ferenc,1,0
1356c,1998-2002,Dr. Fazekas Sándor,1,0
1357c,1998-2002,Hajdu László,0,0
1358c,1998-2002,Lázár Mózes,1,0
1359c,1998-2002,Tokár István,0,0
1360c,1998-2002,Pogácsás Tibor,1,0
1361c,1998-2002,Dr. Illés Zoltán,1,0
1362c,1998-2002,Donáth László,0,0
1363c,1998-2002,Dr. Rákos Tibor,1,0
1364c,1998-2002,Halász János,1,0
1365c,1998-2002,Paszternák László,0,0
1366c,1998-2002,Becsó Zsolt,1,0
1367c,1998-2002,Nógrádi László,1,0
1368c,1998-2002,Dr. Kálmán András,0,0
1369c,1998-2002,Dr. Molnár János,0,0
1370c,1998-2002,Básthy Tamás,1,0
1371c,1998-2002,Pánczél Károly,1,0
1372c,1998-2002,Boldvai László,0,0
1373c,1998-2002,Birkás Tivadar,1,0
1374c,1998-2002,Zuschlag János László,0,0
1375c,1998-2002,Szabó György,0,0
1376c,1998-2002,Imre Zsolt,1,0
1377c,1998-2002,Dr. Rapcsák András,1,0
1378c,1998-2002,Balla Mihály,1,0
1379c,1998-2002,Jakab Róbertné,0,1
1380c,1998-2002,Dr. Füle István,0,0
1381c,1998-2002,Dr. Györkös Péter,1,0
1382c,1998-2002,Schmidt Ferenc,1,0
1383c,1998-2002,Rigler Zoltán,1,0
1384c,1998-2002,Gyimesi István,1,0
1385c,1998-2002,Pusztai Csaba,0,0
1386c,1998-2002,Dr. Áder János,1,0
1387c,1998-2002,Potápi Árpád,1,0
1388c,1998-2002,Dr. Szűrös Mátyás,0,0
1389c,1998-2002,Polonyi Kornél,1,0
1390c,1998-2002,Gyapay Zoltán,1,0
1391c,1998-2002,Szabó Vilmos,0,0
1392c,1998-2002,Vitányi Iván,0,0
1393c,1998-2002,Dr. Soós Győző,0,0
1394c,1998-2002,Dr. Nemcsók János,0,0
1395c,1998-2002,Dr. Szalay István,0,0
1396c,1998-2002,Szűcs Lajos,1,0
1397c,1998-2002,Kristyánné Aknai Erzsébet,0,1
1398c,1998-2002,Hortobágyi Krisztina,0,1
1399c,1998-2002,Keleti György,0,0
1400c,1998-2002,Tóth Gábor,1,0
1401c,1998-2002,Ágota Gábor,1,0
1402c,1998-2002,Molnár Róbert,1,0
1403c,1998-2002,Dr. Kövér László,1,0
1404c,1998-2002,Dr. Faragó Péter,0,0
1405c,1998-2002,Dr. Kiszely Katalin,1,1
1406c,1998-2002,Tirts Tamás,1,0
1407c,1998-2002,Csintalan Sándor,0,0
1408c,1998-2002,Dr. Mikes Éva,1,1
1409c,1998-2002,Antalóczy Attila,0,0
1410c,1998-2002,Dr. Gyuricza Béla,1,0
1411c,1998-2002,Puch László,0,0
1412c,1998-2002,Dr. Baja Ferenc,0,0
1413c,1998-2002,Dr. Koczka Csaba,1,0
1414c,1998-2002,Deutsch Tamás,1,0
1415c,1998-2002,Dr. Zongor Gábor,0,0
1416c,1998-2002,Schalkhammer Antal,0,0
1417c,1998-2002,Érsek Zsolt,0,0
1418c,1998-2002,Dr. Jakus Zoltán,0,0
1419c,1998-2002,Hiesz György,0,0
